CZAS;ILOŚĆ
1.712000;1000000000
1.700000;1000000000
1.623000;1000000000
2.369000;1410065408
2.421000;1410065408
2.437000;1410065408
